Workbook

Sheet Data
A1: Participant | B1: Set Size | C1: clicked | D1: RT (s) | E1: accurate | F1: RT(ms) | I1: num_distr | J1: num_distra
A2: 1 | B2: =IF(I2<>"",I2,J2) -> 10 | C2: target' | D2: 1.4751871 | E2: =IF(ISNUMBER(SEARCH("target",#REF!)),1,0) -> 0 | F2: =D2*1000 -> 1475.1871 | J2: 10
A3: 1 | B3: =IF(I3<>"",I3,J3) -> 5 | C3: target' | D3: 1.0510162 | E3: =IF(ISNUMBER(SEARCH("target",C2)),1,0) -> 1 | F3: =D3*1000 -> 1051.0162 | I3: 5
A4: 1 | B4: =IF(I4<>"",I4,J4) -> 5 | C4: target' | D4: 1.0579192 | E4: =IF(ISNUMBER(SEARCH("target",C3)),1,0) -> 1 | F4: =D4*1000 -> 1057.9192 | I4: 5
A5: 1 | B5: =IF(I5<>"",I5,J5) -> 5 | C5: target' | D5: 0.8745299 | E5: =IF(ISNUMBER(SEARCH("target",C4)),1,0) -> 1 | F5: =D5*1000 -> 874.5299 | I5: 5
A6: 1 | B6: =IF(I6<>"",I6,J6) -> 10 | C6: target' | D6: 1.3676817 | E6: =IF(ISNUMBER(SEARCH("target",C5)),1,0) -> 1 | F6: =D6*1000 -> 1367.6817 | J6: 10
A7: 1 | B7: =IF(I7<>"",I7,J7) -> 5 | C7: target' | D7: 1.0429107 | E7: =IF(ISNUMBER(SEARCH("target",C6)),1,0) -> 1 | F7: =D7*1000 -> 1042.9107 | I7: 5
A8: 1 | B8: =IF(I8<>"",I8,J8) -> 10 | C8: None | D8: 1.0315682 | E8: =IF(ISNUMBER(SEARCH("target",C7)),1,0) -> 1 | F8: =D8*1000 -> 1031.5682 | J8: 10
A9: 1 | B9: =IF(I9<>"",I9,J9) -> 10 | C9: None | D9: 1.0815025 | E9: =IF(ISNUMBER(SEARCH("target",C8)),1,0) -> 0 | F9: =D9*1000 -> 1081.5025 | J9: 10
A10: 1 | B10: =IF(I10<>"",I10,J10) -> 10 | C10: None | D10: 0.9666912 | E10: =IF(ISNUMBER(SEARCH("target",C9)),1,0) -> 0 | F10: =D10*1000 -> 966.6912 | J10: 10
A11: 1 | B11: =IF(I11<>"",I11,J11) -> 10 | C11: target' | D11: 1.2309631 | E11: =IF(ISNUMBER(SEARCH("target",C10)),1,0) -> 0 | F11: =D11*1000 -> 1230.9631 | J11: 10
A12: 1 | B12: =IF(I12<>"",I12,J12) -> 5 | C12: target' | D12: 0.7749937 | E12: =IF(ISNUMBER(SEARCH("target",C11)),1,0) -> 1 | F12: =D12*1000 -> 774.9937 | I12: 5
A13: 1 | B13: =IF(I13<>"",I13,J13) -> 10 | C13: target' | D13: 0.6967793 | E13: =IF(ISNUMBER(SEARCH("target",C12)),1,0) -> 1 | F13: =D13*1000 -> 696.7793 | J13: 10
A14: 1 | B14: =IF(I14<>"",I14,J14) -> 10 | C14: target' | D14: 0.9871957 | E14: =IF(ISNUMBER(SEARCH("target",C13)),1,0) -> 1 | F14: =D14*1000 -> 987.1957 | J14: 10
A15: 1 | B15: =IF(I15<>"",I15,J15) -> 5 | C15: target' | D15: 0.9000112 | E15: =IF(ISNUMBER(SEARCH("target",C14)),1,0) -> 1 | F15: =D15*1000 -> 900.0112 | I15: 5
A16: 1 | B16: =IF(I16<>"",I16,J16) -> 10 | C16: None | D16: 0.9300424 | E16: =IF(ISNUMBER(SEARCH("target",C15)),1,0) -> 1 | F16: =D16*1000 -> 930.0424 | J16: 10
A17: 1 | B17: =IF(I17<>"",I17,J17) -> 10 | C17: target' | D17: 1.0678028 | E17: =IF(ISNUMBER(SEARCH("target",C16)),1,0) -> 0 | F17: =D17*1000 -> 1067.8028 | J17: 10
A18: 1 | B18: =IF(I18<>"",I18,J18) -> 10 | C18: target' | D18: 1.3180102 | E18: =IF(ISNUMBER(SEARCH("target",C17)),1,0) -> 1 | F18: =D18*1000 -> 1318.0102 | J18: 10
A19: 1 | B19: =IF(I19<>"",I19,J19) -> 5 | C19: None | D19: 0.8227388 | E19: =IF(ISNUMBER(SEARCH("target",C18)),1,0) -> 1 | F19: =D19*1000 -> 822.7388 | I19: 5
A20: 1 | B20: =IF(I20<>"",I20,J20) -> 10 | C20: None | D20: 0.6666234 | E20: =IF(ISNUMBER(SEARCH("target",C19)),1,0) -> 0 | F20: =D20*1000 -> 666.6234 | J20: 10
A21: 1 | B21: =IF(I21<>"",I21,J21) -> 5 | C21: None | D21: 0.8597544 | E21: =IF(ISNUMBER(SEARCH("target",C20)),1,0) -> 0 | F21: =D21*1000 -> 859.7544 | I21: 5
A22: 1 | B22: =IF(I22<>"",I22,J22) -> 5 | C22: target' | D22: 1.1058332 | E22: =IF(ISNUMBER(SEARCH("target",C21)),1,0) -> 0 | F22: =D22*1000 -> 1105.8332 | I22: 5
A23: 1 | B23: =IF(I23<>"",I23,J23) -> 10 | C23: None | D23: 0.950545 | E23: =IF(ISNUMBER(SEARCH("target",C22)),1,0) -> 1 | F23: =D23*1000 -> 950.545 | J23: 10
A24: 1 | B24: =IF(I24<>"",I24,J24) -> 5 | C24: target' | D24: 0.775097 | E24: =IF(ISNUMBER(SEARCH("target",C23)),1,0) -> 0 | F24: =D24*1000 -> 775.097 | I24: 5
A25: 1 | B25: =IF(I25<>"",I25,J25) -> 10 | C25: None | D25: 1.0182404 | E25: =IF(ISNUMBER(SEARCH("target",C24)),1,0) -> 1 | F25: =D25*1000 -> 1018.2404 | J25: 10
A26: 1 | B26: =IF(I26<>"",I26,J26) -> 10 | C26: target' | D26: 0.9666434 | E26: =IF(ISNUMBER(SEARCH("target",C25)),1,0) -> 0 | F26: =D26*1000 -> 966.6434 | J26: 10
A27: 1 | B27: =IF(I27<>"",I27,J27) -> 10 | C27: target' | D27: 0.9849491 | E27: =IF(ISNUMBER(SEARCH("target",C26)),1,0) -> 1 | F27: =D27*1000 -> 984.9491 | J27: 10
A28: 1 | B28: =IF(I28<>"",I28,J28) -> 5 | C28: None | D28: 1.1068556 | E28: =IF(ISNUMBER(SEARCH("target",C27)),1,0) -> 1 | F28: =D28*1000 -> 1106.8556 | I28: 5
A29: 1 | B29: =IF(I29<>"",I29,J29) -> 10 | C29: None | D29: 1.3498345 | E29: =IF(ISNUMBER(SEARCH("target",C28)),1,0) -> 0 | F29: =D29*1000 -> 1349.8345 | J29: 10
A30: 1 | B30: =IF(I30<>"",I30,J30) -> 5 | C30: target' | D30: 0.8092288 | E30: =IF(ISNUMBER(SEARCH("target",C29)),1,0) -> 0 | F30: =D30*1000 -> 809.2288 | I30: 5
A31: 1 | B31: =IF(I31<>"",I31,J31) -> 10 | C31: target' | D31: 0.7683131 | E31: =IF(ISNUMBER(SEARCH("target",C30)),1,0) -> 1 | F31: =D31*1000 -> 768.3131 | J31: 10
A32: 1 | B32: =IF(I32<>"",I32,J32) -> 10 | C32: target' | D32: 0.9843729 | E32: =IF(ISNUMBER(SEARCH("target",C31)),1,0) -> 1 | F32: =D32*1000 -> 984.3729 | J32: 10
A33: 1 | B33: =IF(I33<>"",I33,J33) -> 10 | C33: target' | D33: 1.2529875 | E33: =IF(ISNUMBER(SEARCH("target",C32)),1,0) -> 1 | F33: =D33*1000 -> 1252.9875 | J33: 10
A34: 1 | B34: =IF(I34<>"",I34,J34) -> 5 | C34: target' | D34: 1.1592676 | E34: =IF(ISNUMBER(SEARCH("target",C33)),1,0) -> 1 | F34: =D34*1000 -> 1159.2676 | I34: 5
A35: 1 | B35: =IF(I35<>"",I35,J35) -> 10 | C35: target' | D35: 0.7850996 | E35: =IF(ISNUMBER(SEARCH("target",C34)),1,0) -> 1 | F35: =D35*1000 -> 785.0996 | J35: 10
A36: 1 | B36: =IF(I36<>"",I36,J36) -> 5 | C36: None | D36: 0.9924866 | E36: =IF(ISNUMBER(SEARCH("target",C35)),1,0) -> 1 | F36: =D36*1000 -> 992.4866 | I36: 5
A37: 1 | B37: =IF(I37<>"",I37,J37) -> 5 | C37: target' | D37: 1.2404815 | E37: =IF(ISNUMBER(SEARCH("target",C36)),1,0) -> 0 | F37: =D37*1000 -> 1240.4815 | I37: 5
A38: 1 | B38: =IF(I38<>"",I38,J38) -> 5 | C38: target' | D38: 1.0082333 | E38: =IF(ISNUMBER(SEARCH("target",C37)),1,0) -> 1 | F38: =D38*1000 -> 1008.2333 | I38: 5
A39: 1 | B39: =IF(I39<>"",I39,J39) -> 10 | C39: None | D39: 1.0004953 | E39: =IF(ISNUMBER(SEARCH("target",C38)),1,0) -> 1 | F39: =D39*1000 -> 1000.4953 | J39: 10
A40: 1 | B40: =IF(I40<>"",I40,J40) -> 5 | C40: None | D40: 1.1598721 | E40: =IF(ISNUMBER(SEARCH("target",C39)),1,0) -> 0 | F40: =D40*1000 -> 1159.8721 | I40: 5
A41: 1 | B41: =IF(I41<>"",I41,J41) -> 5 | C41: None | D41: 1.1877484 | E41: =IF(ISNUMBER(SEARCH("target",C40)),1,0) -> 0 | F41: =D41*1000 -> 1187.7484 | I41: 5
A42: 1 | B42: =IF(I42<>"",I42,J42) -> 5 | C42: target' | D42: 0.80921 | E42: =IF(ISNUMBER(SEARCH("target",C41)),1,0) -> 0 | F42: =D42*1000 -> 809.21 | I42: 5
A43: 1 | B43: =IF(I43<>"",I43,J43) -> 5 | C43: None | D43: 1.2587435 | E43: =IF(ISNUMBER(SEARCH("target",C42)),1,0) -> 1 | F43: =D43*1000 -> 1258.7435 | I43: 5
A44: 1 | B44: =IF(I44<>"",I44,J44) -> 5 | C44: target' | D44: 0.8912284 | E44: =IF(ISNUMBER(SEARCH("target",C43)),1,0) -> 0 | F44: =D44*1000 -> 891.2284 | I44: 5
A45: 1 | B45: =IF(I45<>"",I45,J45) -> 10 | C45: None | D45: 1.1189421 | E45: =IF(ISNUMBER(SEARCH("target",C44)),1,0) -> 1 | F45: =D45*1000 -> 1118.9421 | J45: 10
A46: 1 | B46: =IF(I46<>"",I46,J46) -> 5 | C46: target' | D46: 1.2748996 | E46: =IF(ISNUMBER(SEARCH("target",C45)),1,0) -> 0 | F46: =D46*1000 -> 1274.8996 | I46: 5
A47: 1 | B47: =IF(I47<>"",I47,J47) -> 10 | C47: target' | D47: 1.1029366 | E47: =IF(ISNUMBER(SEARCH("target",C46)),1,0) -> 1 | F47: =D47*1000 -> 1102.9366 | J47: 10
A48: 1 | B48: =IF(I48<>"",I48,J48) -> 5 | C48: None | D48: 0.8923191 | E48: =IF(ISNUMBER(SEARCH("target",C47)),1,0) -> 1 | F48: =D48*1000 -> 892.3191 | I48: 5
A49: 1 | B49: =IF(I49<>"",I49,J49) -> 5 | C49: None | D49: 1.1588517 | E49: =IF(ISNUMBER(SEARCH("target",C48)),1,0) -> 0 | F49: =D49*1000 -> 1158.8517 | I49: 5
A50: 1 | B50: =IF(I50<>"",I50,J50) -> 10 | C50: target' | D50: 1.1661669 | E50: =IF(ISNUMBER(SEARCH("target",C49)),1,0) -> 0 | F50: =D50*1000 -> 1166.1669 | J50: 10
A51: 1 | B51: =IF(I51<>"",I51,J51) -> 10 | C51: target' | D51: 0.9685752 | E51: =IF(ISNUMBER(SEARCH("target",C50)),1,0) -> 1 | F51: =D51*1000 -> 968.5752 | J51: 10
A52: 1 | B52: =IF(I52<>"",I52,J52) -> 5 | C52: target' | D52: 1.2924846 | E52: =IF(ISNUMBER(SEARCH("target",C51)),1,0) -> 1 | F52: =D52*1000 -> 1292.4846 | I52: 5
A53: 1 | B53: =IF(I53<>"",I53,J53) -> 5 | C53: None | D53: 1.0921332 | E53: =IF(ISNUMBER(SEARCH("target",C52)),1,0) -> 1 | F53: =D53*1000 -> 1092.1332 | I53: 5
A54: 1 | B54: =IF(I54<>"",I54,J54) -> 5 | C54: None | D54: 0.8759935 | E54: =IF(ISNUMBER(SEARCH("target",C53)),1,0) -> 0 | F54: =D54*1000 -> 875.9935 | I54: 5
A55: 1 | B55: =IF(I55<>"",I55,J55) -> 10 | C55: target' | D55: 1.4841254 | E55: =IF(ISNUMBER(SEARCH("target",C54)),1,0) -> 0 | F55: =D55*1000 -> 1484.1254 | J55: 10
A56: 1 | B56: =IF(I56<>"",I56,J56) -> 5 | C56: None | D56: 1.5246445 | E56: =IF(ISNUMBER(SEARCH("target",C55)),1,0) -> 1 | F56: =D56*1000 -> 1524.6445 | I56: 5
A57: 1 | B57: =IF(I57<>"",I57,J57) -> 10 | C57: target' | D57: 1.02082 | E57: =IF(ISNUMBER(SEARCH("target",C56)),1,0) -> 0 | F57: =D57*1000 -> 1020.82 | J57: 10
A58: 1 | B58: =IF(I58<>"",I58,J58) -> 5 | C58: target' | D58: 1.3093119 | E58: =IF(ISNUMBER(SEARCH("target",C57)),1,0) -> 1 | F58: =D58*1000 -> 1309.3119 | I58: 5
A59: 1 | B59: =IF(I59<>"",I59,J59) -> 10 | C59: None | D59: 1.4692539 | E59: =IF(ISNUMBER(SEARCH("target",C58)),1,0) -> 1 | F59: =D59*1000 -> 1469.2539 | J59: 10
A60: 1 | B60: =IF(I60<>"",I60,J60) -> 10 | C60: None | D60: 0.9325689 | E60: =IF(ISNUMBER(SEARCH("target",C59)),1,0) -> 0 | F60: =D60*1000 -> 932.5689 | J60: 10
A61: 1 | B61: =IF(I61<>"",I61,J61) -> 10 | C61: None | D61: 1.0175694 | E61: =IF(ISNUMBER(SEARCH("target",C60)),1,0) -> 0 | F61: =D61*1000 -> 1017.5694 | J61: 10
A62: 1 | B62: =IF(I62<>"",I62,J62) -> 5 | C62: None | D62: 1.0764197 | E62: =IF(ISNUMBER(SEARCH("target",C61)),1,0) -> 0 | F62: =D62*1000 -> 1076.4197 | I62: 5
A63: 1 | B63: =IF(I63<>"",I63,J63) -> 10 | C63: target' | D63: 0.8182445 | E63: =IF(ISNUMBER(SEARCH("target",C62)),1,0) -> 0 | F63: =D63*1000 -> 818.2445 | J63: 10
A64: 1 | B64: =IF(I64<>"",I64,J64) -> 5 | C64: None | D64: 1.2426329 | E64: =IF(ISNUMBER(SEARCH("target",C63)),1,0) -> 1 | F64: =D64*1000 -> 1242.6329 | I64: 5
A65: 1 | B65: =IF(I65<>"",I65,J65) -> 10 | C65: None | D65: 1.0662728 | E65: =IF(ISNUMBER(SEARCH("target",C64)),1,0) -> 0 | F65: =D65*1000 -> 1066.2728 | J65: 10
A66: 1 | B66: =IF(I66<>"",I66,J66) -> 10 | C66: None | D66: 1.0193058 | E66: =IF(ISNUMBER(SEARCH("target",C65)),1,0) -> 0 | F66: =D66*1000 -> 1019.3058 | J66: 10
A67: 1 | B67: =IF(I67<>"",I67,J67) -> 5 | C67: target' | D67: 0.8921348 | E67: =IF(ISNUMBER(SEARCH("target",C66)),1,0) -> 0 | F67: =D67*1000 -> 892.1348 | I67: 5
A68: 1 | B68: =IF(I68<>"",I68,J68) -> 5 | C68: None | D68: 0.7753277 | E68: =IF(ISNUMBER(SEARCH("target",C67)),1,0) -> 1 | F68: =D68*1000 -> 775.3277 | I68: 5
A69: 1 | B69: =IF(I69<>"",I69,J69) -> 10 | C69: None | D69: 2.248402 | E69: =IF(ISNUMBER(SEARCH("target",C68)),1,0) -> 0 | F69: =D69*1000 -> 2248.402 | J69: 10
A70: 1 | B70: =IF(I70<>"",I70,J70) -> 5 | C70: None | D70: 0.9390608 | E70: =IF(ISNUMBER(SEARCH("target",C69)),1,0) -> 0 | F70: =D70*1000 -> 939.0608 | I70: 5
A71: 1 | B71: =IF(I71<>"",I71,J71) -> 5 | C71: target' | D71: 0.7251318 | E71: =IF(ISNUMBER(SEARCH("target",C70)),1,0) -> 0 | F71: =D71*1000 -> 725.1318 | I71: 5
A72: 1 | B72: =IF(I72<>"",I72,J72) -> 10 | C72: None | D72: 0.836235 | E72: =IF(ISNUMBER(SEARCH("target",C71)),1,0) -> 1 | F72: =D72*1000 -> 836.235 | J72: 10
A73: 1 | B73: =IF(I73<>"",I73,J73) -> 10 | C73: None | D73: 1.0514824 | E73: =IF(ISNUMBER(SEARCH("target",C72)),1,0) -> 0 | F73: =D73*1000 -> 1051.4824 | J73: 10
A74: 1 | B74: =IF(I74<>"",I74,J74) -> 5 | C74: target' | D74: 1.0571251 | E74: =IF(ISNUMBER(SEARCH("target",C73)),1,0) -> 0 | F74: =D74*1000 -> 1057.1251 | I74: 5
A75: 1 | B75: =IF(I75<>"",I75,J75) -> 5 | C75: None | D75: 0.9068294 | E75: =IF(ISNUMBER(SEARCH("target",C74)),1,0) -> 1 | F75: =D75*1000 -> 906.8294 | I75: 5
A76: 1 | B76: =IF(I76<>"",I76,J76) -> 10 | C76: target' | D76: 0.9019427 | E76: =IF(ISNUMBER(SEARCH("target",C75)),1,0) -> 0 | F76: =D76*1000 -> 901.9427 | J76: 10
A77: 1 | B77: =IF(I77<>"",I77,J77) -> 10 | C77: None | D77: 0.7988464 | E77: =IF(ISNUMBER(SEARCH("target",C76)),1,0) -> 1 | F77: =D77*1000 -> 798.8464 | J77: 10
A78: 1 | B78: =IF(I78<>"",I78,J78) -> 10 | C78: target' | D78: 0.9190082 | E78: =IF(ISNUMBER(SEARCH("target",C77)),1,0) -> 0 | F78: =D78*1000 -> 919.0082 | J78: 10
A79: 1 | B79: =IF(I79<>"",I79,J79) -> 10 | C79: None | D79: 0.9350948 | E79: =IF(ISNUMBER(SEARCH("target",C78)),1,0) -> 1 | F79: =D79*1000 -> 935.0948 | J79: 10
A80: 1 | B80: =IF(I80<>"",I80,J80) -> 10 | C80: None | D80: 0.9020949 | E80: =IF(ISNUMBER(SEARCH("target",C79)),1,0) -> 0 | F80: =D80*1000 -> 902.0949 | J80: 10
A81: 1 | B81: =IF(I81<>"",I81,J81) -> 10 | C81: target' | D81: 0.9010974 | E81: =IF(ISNUMBER(SEARCH("target",C80)),1,0) -> 0 | F81: =D81*1000 -> 901.0974 | J81: 10
A82: 1 | B82: =IF(I82<>"",I82,J82) -> 5 | C82: target' | D82: 1.0261028 | E82: =IF(ISNUMBER(SEARCH("target",C81)),1,0) -> 1 | F82: =D82*1000 -> 1026.1028 | I82: 5
A83: 1 | B83: =IF(I83<>"",I83,J83) -> 10 | C83: target' | D83: 0.9176958 | E83: =IF(ISNUMBER(SEARCH("target",C82)),1,0) -> 1 | F83: =D83*1000 -> 917.6958 | J83: 10
A84: 1 | B84: =IF(I84<>"",I84,J84) -> 10 | C84: target' | D84: 0.9012967 | E84: =IF(ISNUMBER(SEARCH("target",C83)),1,0) -> 1 | F84: =D84*1000 -> 901.2967 | J84: 10
A85: 1 | B85: =IF(I85<>"",I85,J85) -> 5 | C85: target' | D85: 1.0401977 | E85: =IF(ISNUMBER(SEARCH("target",C84)),1,0) -> 1 | F85: =D85*1000 -> 1040.1977 | I85: 5
A86: 1 | B86: =IF(I86<>"",I86,J86) -> 10 | C86: target' | D86: 0.9862251 | E86: =IF(ISNUMBER(SEARCH("target",C85)),1,0) -> 1 | F86: =D86*1000 -> 986.2251 | J86: 10
A87: 1 | B87: =IF(I87<>"",I87,J87) -> 10 | C87: target' | D87: 1.0681496 | E87: =IF(ISNUMBER(SEARCH("target",C86)),1,0) -> 1 | F87: =D87*1000 -> 1068.1496 | J87: 10
A88: 1 | B88: =IF(I88<>"",I88,J88) -> 10 | C88: None | D88: 1.2861347 | E88: =IF(ISNUMBER(SEARCH("target",C87)),1,0) -> 1 | F88: =D88*1000 -> 1286.1347 | J88: 10
A89: 1 | B89: =IF(I89<>"",I89,J89) -> 5 | C89: None | D89: 0.7926752 | E89: =IF(ISNUMBER(SEARCH("target",C88)),1,0) -> 0 | F89: =D89*1000 -> 792.6752 | I89: 5
A90: 1 | B90: =IF(I90<>"",I90,J90) -> 5 | C90: target' | D90: 0.9093419 | E90: =IF(ISNUMBER(SEARCH("target",C89)),1,0) -> 0 | F90: =D90*1000 -> 909.3419 | I90: 5
A91: 1 | B91: =IF(I91<>"",I91,J91) -> 5 | C91: None | D91: 0.8764222 | E91: =IF(ISNUMBER(SEARCH("target",C90)),1,0) -> 1 | F91: =D91*1000 -> 876.4222 | I91: 5
A92: 1 | B92: =IF(I92<>"",I92,J92) -> 10 | C92: None | D92: 1.0165135 | E92: =IF(ISNUMBER(SEARCH("target",C91)),1,0) -> 0 | F92: =D92*1000 -> 1016.5135 | J92: 10
A93: 1 | B93: =IF(I93<>"",I93,J93) -> 5 | C93: None | D93: 0.926683 | E93: =IF(ISNUMBER(SEARCH("target",C92)),1,0) -> 0 | F93: =D93*1000 -> 926.683 | I93: 5
A94: 1 | B94: =IF(I94<>"",I94,J94) -> 5 | C94: target' | D94: 0.9764979 | E94: =IF(ISNUMBER(SEARCH("target",C93)),1,0) -> 0 | F94: =D94*1000 -> 976.4979 | I94: 5
A95: 1 | B95: =IF(I95<>"",I95,J95) -> 5 | C95: None | D95: 1.158933 | E95: =IF(ISNUMBER(SEARCH("target",C94)),1,0) -> 1 | F95: =D95*1000 -> 1158.933 | I95: 5
A96: 1 | B96: =IF(I96<>"",I96,J96) -> 10 | C96: None | D96: 0.9374496 | E96: =IF(ISNUMBER(SEARCH("target",C95)),1,0) -> 0 | F96: =D96*1000 -> 937.4496 | J96: 10
A97: 1 | B97: =IF(I97<>"",I97,J97) -> 5 | C97: target' | D97: 1.3078892 | E97: =IF(ISNUMBER(SEARCH("target",C96)),1,0) -> 0 | F97: =D97*1000 -> 1307.8892 | I97: 5
A98: 1 | B98: =IF(I98<>"",I98,J98) -> 5 | C98: target' | D98: 1.2575995 | E98: =IF(ISNUMBER(SEARCH("target",C97)),1,0) -> 1 | F98: =D98*1000 -> 1257.5995 | I98: 5
A99: 1 | B99: =IF(I99<>"",I99,J99) -> 10 | C99: None | D99: 1.1192876 | E99: =IF(ISNUMBER(SEARCH("target",C98)),1,0) -> 1 | F99: =D99*1000 -> 1119.2876 | J99: 10
A100: 1 | B100: =IF(I100<>"",I100,J100) -> 10 | C100: target' | D100: 0.8031785 | E100: =IF(ISNUMBER(SEARCH("target",C99)),1,0) -> 0 | F100: =D100*1000 -> 803.1785 | J100: 10
...

Sheet Analysis
A1: Participant | B1: Mean RT set size 5 (ms) | C1: Mean RT set size 10 (ms) | D1: Mean RT all accurate trials (ms) | E1: Slope (ms per item) | G1: Set Size | H1: Mean RT(ms)
A2: 1 | B2: =AVERAGEIFS(Data!$F$2:$F$1001,Data!$A$2:$A$1001,$A2,Data!$B$2:$B$1001,5,Data!$E$2:$E$1001,1) -> 1023.1577 | C2: =AVERAGEIFS(Data!$F$2:$F$1001,Data!$A$2:$A$1001,$A2,Data!$B$2:$B$1001,10,Data!$E$2:$E$1001,1) -> 961.78298 | D2: =AVERAGEIFS(Data!$F$2:$F$1001,Data!$A$2:$A$1001,$A2,Data!$E$2:$E$1001,1) -> 990.56934 | E2: =(C2-B2)/5 -> -12.274939 | G2: Set Size 5 | H2: =B7 -> 1451.6342
A3: 2 | B3: =AVERAGEIFS(Data!$F$2:$F$1001,Data!$A$2:$A$1001,$A3,Data!$B$2:$B$1001,5,Data!$E$2:$E$1001,1) -> 1374.0931 | C3: =AVERAGEIFS(Data!$F$2:$F$1001,Data!$A$2:$A$1001,$A3,Data!$B$2:$B$1001,10,Data!$E$2:$E$1001,1) -> 1324.753 | D3: =AVERAGEIFS(Data!$F$2:$F$1001,Data!$A$2:$A$1001,$A3,Data!$E$2:$E$1001,1) -> 1345.6122 | E3: =(C3-B3)/5 -> -9.8680346 | G3: Set Size 10 | H3: =C7 -> 1420.4066
A4: 3 | B4: =AVERAGEIFS(Data!$F$2:$F$1001,Data!$A$2:$A$1001,$A4,Data!$B$2:$B$1001,5,Data!$E$2:$E$1001,1) -> 1813.1557 | C4: =AVERAGEIFS(Data!$F$2:$F$1001,Data!$A$2:$A$1001,$A4,Data!$B$2:$B$1001,10,Data!$E$2:$E$1001,1) -> 1680.3523 | D4: =AVERAGEIFS(Data!$F$2:$F$1001,Data!$A$2:$A$1001,$A4,Data!$E$2:$E$1001,1) -> 1741.0027 | E4: =(C4-B4)/5 -> -26.560665
A5: 4 | B5: =AVERAGEIFS(Data!$F$2:$F$1001,Data!$A$2:$A$1001,$A5,Data!$B$2:$B$1001,5,Data!$E$2:$E$1001,1) -> 1389.202 | C5: =AVERAGEIFS(Data!$F$2:$F$1001,Data!$A$2:$A$1001,$A5,Data!$B$2:$B$1001,10,Data!$E$2:$E$1001,1) -> 1368.8964 | D5: =AVERAGEIFS(Data!$F$2:$F$1001,Data!$A$2:$A$1001,$A5,Data!$E$2:$E$1001,1) -> 1378.452 | E5: =(C5-B5)/5 -> -4.061116
A6: 5 | B6: =AVERAGEIFS(Data!$F$2:$F$1001,Data!$A$2:$A$1001,$A6,Data!$B$2:$B$1001,5,Data!$E$2:$E$1001,1) -> 1658.5624 | C6: =AVERAGEIFS(Data!$F$2:$F$1001,Data!$A$2:$A$1001,$A6,Data!$B$2:$B$1001,10,Data!$E$2:$E$1001,1) -> 1766.2481 | D6: =AVERAGEIFS(Data!$F$2:$F$1001,Data!$A$2:$A$1001,$A6,Data!$E$2:$E$1001,1) -> 1711.0067 | E6: =(C6-B6)/5 -> 21.537129
A7: Mean | B7: =AVERAGE(B2:B6) -> 1451.6342 | C7: =AVERAGE(C2:C6) -> 1420.4066 | D7: =AVERAGE(D2:D6) -> 1433.3286 | E7: =AVERAGE(E2:E6) -> -6.2455249
